{
  "N": {
    "0": 0.7449217449217449,
    "1": 1.5207341944255608
  },
  "D": {
    "0": 0.7491627595445411,
    "1": 1.5033602150537635
  },
  "G": {
    "0": 0.5328727965697951,
    "1": 8.105072463768115
  },
  "C": {
    "0": 0.5335082279990461,
    "1": 7.960854092526691
  },
  "A": {
    "0": 0.5266007532956686,
    "1": 9.898230088495575
  },
  "H": {
    "0": 0.5163896583564174,
    "1": 15.753521126760564
  },
  "M": {
    "0": 0.5251173708920188,
    "1": 10.453271028037383
  },
  "O": {
    "0": 0.6649821640903686,
    "1": 2.0153153153153154
  }
}